Modèle,MSE,MAE,R2
Model,0.0002124282610395,0.0077340141568656,0.9878053267852666
Stacking Ensemble Regressor,0.0002124282610395725,0.007734014156865693,0.9878053267852666
